Workbook

Sheet MASTER DASHBOARD
A1: VULNERABILITY & PENTESTING PROJECT MANAGEMENT
A2: Last Updated: 2025-11-14 18:50:33
A4: REAL-TIME KEY PERFORMANCE INDICATORS
A5: CRITICAL | B5: HIGH | C5: MEDIUM | D5: LOW | E5: TOTAL ACTIVE | F5: RESOLVED | G5: OPEN % | H5: RESOLUTION RATE
A6: =COUNTIFS(DATA!$E:$E,"Critical",DATA!$J:$J,"Active") -> 2 | B6: =COUNTIFS(DATA!$E:$E,"High",DATA!$J:$J,"Active") -> 2 | C6: =COUNTIFS(DATA!$E:$E,"Medium",DATA!$J:$J,"Active") -> 1 | D6: =COUNTIFS(DATA!$E:$E,"Low",DATA!$J:$J,"Active") -> 0 | E6: =COUNTIF(DATA!$J:$J,"Active") -> 5 | F6: =COUNTIF(DATA!$J:$J,"Resolved") -> 1 | G6: =IF(COUNTA(DATA!$A$2:$A$100)=0,0,COUNTIF(DATA!$J:$J,"Active")/COUNTA(DATA!$A$2:$A$100)) -> 0.625 | H6: =IF(COUNTA(DATA!$A$2:$A$100)=0,0,COUNTIF(DATA!$J:$J,"Resolved")/COUNTA(DATA!$A$2:$A$100)) -> 0.125
A8: PROJECT BREAKDOWN | D8: STATUS DISTRIBUTION | G8: SLA COMPLIANCE | J8: RISK METRICS
A9: Project Type | B9: Count | C9: Status | D9: Status | E9: Count | F9: % | G9: Priority | H9: On Track | I9: At Risk | J9: Metric | K9: Value | L9: Target
A10: Penetration Test | B10: =COUNTIF(DATA!$B:$B,"Penetration Test") -> 4 | C10: =IF(B10>0,IF(COUNTIFS(DATA!$B:$B,"Penetration Test",DATA!$J:$J,"Resolved")=B10,"✓ Complete","⚠ Active"),"-") -> ⚠ Active | D10: Active | E10: =COUNTIF(DATA!$J:$J,"Active") -> 5 | F10: =IF(SUM($E$10:$E$13)=0,0,E10/SUM($E$10:$E$13)) -> 0.625 | G10: Critical | H10: =COUNTIFS(DATA!$E:$E,"Critical",DATA!$L:$L,"On Track") -> 2 | I10: =COUNTIFS(DATA!$E:$E,"Critical",DATA!$L:$L,"At Risk") -> 0 | J10: Avg CVSS | K10: =IF(COUNTA(DATA!$H:$H)=0,0,AVERAGE(DATA!$H:$H)) -> 7.9 | L10: 7.0
A11: Vulnerability Assessment | B11: =COUNTIF(DATA!$B:$B,"Vulnerability Assessment") -> 2 | C11: =IF(B11>0,IF(COUNTIFS(DATA!$B:$B,"Vulnerability Assessment",DATA!$J:$J,"Resolved")=B11,"✓ Complete","⚠ Active"),"-") -> ⚠ Active | D11: In Review | E11: =COUNTIF(DATA!$J:$J,"In Review") -> 1 | F11: =IF(SUM($E$10:$E$13)=0,0,E11/SUM($E$10:$E$13)) -> 0.125 | G11: High | H11: =COUNTIFS(DATA!$E:$E,"High",DATA!$L:$L,"On Track") -> 2 | I11: =COUNTIFS(DATA!$E:$E,"High",DATA!$L:$L,"At Risk") -> 1 | J11: Crit/High | K11: =COUNTIF(DATA!$E:$E,"Critical")+COUNTIF(DATA!$E:$E,"High") -> 6 | L11: <5
A12: Code Review | B12: =COUNTIF(DATA!$B:$B,"Code Review") -> 1 | C12: =IF(B12>0,IF(COUNTIFS(DATA!$B:$B,"Code Review",DATA!$J:$J,"Resolved")=B12,"✓ Complete","⚠ Active"),"-") -> ✓ Complete | D12: Resolved | E12: =COUNTIF(DATA!$J:$J,"Resolved") -> 1 | F12: =IF(SUM($E$10:$E$13)=0,0,E12/SUM($E$10:$E$13)) -> 0.125 | G12: Medium | H12: =COUNTIFS(DATA!$E:$E,"Medium",DATA!$L:$L,"On Track") -> 2 | I12: =COUNTIFS(DATA!$E:$E,"Medium",DATA!$L:$L,"At Risk") -> 0 | J12: Fix Rate % | K12: =IF(COUNTA(DATA!$A$2:$A$100)=0,0,COUNTIF(DATA!$J:$J,"Resolved")/COUNTA(DATA!$A$2:$A$100)) -> 0.125 | L12: 80%
A13: Infrastructure Test | B13: =COUNTIF(DATA!$B:$B,"Infrastructure Test") -> 1 | C13: =IF(B13>0,IF(COUNTIFS(DATA!$B:$B,"Infrastructure Test",DATA!$J:$J,"Resolved")=B13,"✓ Complete","⚠ Active"),"-") -> ⚠ Active | D13: Deferred | E13: =COUNTIF(DATA!$J:$J,"Deferred") -> 1 | F13: =IF(SUM($E$10:$E$13)=0,0,E13/SUM($E$10:$E$13)) -> 0.125 | G13: Low | H13: =COUNTIFS(DATA!$E:$E,"Low",DATA!$L:$L,"On Track") -> 0 | I13: =COUNTIFS(DATA!$E:$E,"Low",DATA!$L:$L,"At Risk") -> 0 | J13: SLA Compliance % | K13: =IF(COUNTA(DATA!$L$2:$L$100)=0,0,COUNTIF(DATA!$L:$L,"On Track")/COUNTA(DATA!$L$2:$L$100)) -> 0.75 | L13: 95%

Sheet DATA
A1: ID | B1: Project Type | C1: Project Name | D1: Description | E1: Severity | F1: Finding Type | G1: Owner | H1: CVSS Score | I1: Category | J1: Status | K1: Status Type | L1: SLA Status | M1: Days to Resolve | N1: Found Date | O1: Target Date
A2: F-001 | B2: Penetration Test | C2: ACME Corp Web App | D2: SQL Injection in login form | E2: Critical | F2: Code | G2: John Smith | H2: 9.8 | I2: Injection | J2: Active | K2: Active | L2: On Track | M2: 5 | N2: 45965.785 | O2: 45980.785
A3: F-002 | B3: Penetration Test | C3: ACME Corp Web App | D3: XSS vulnerability in dashboard | E3: High | F3: Code | G3: John Smith | H3: 7.5 | I3: XSS | J3: Active | K3: Active | L3: At Risk | M3: 2 | N3: 45967.785 | O3: 45977.785
A4: F-003 | B4: Vulnerability Assessment | C4: TechCorp Infrastructure | D4: Unpatched SSH service | E4: High | F4: Patch | G4: Jane Doe | H4: 8.1 | I4: Patch Management | J4: Active | K4: Active | L4: On Track | M4: 10 | N4: 45970.785 | O4: 45985.785
A5: F-004 | B5: Penetration Test | C5: ACME Corp Web App | D5: Weak password policy | E5: Medium | F5: Configuration | G5: John Smith | H5: 5.3 | I5: Authentication | J5: In Review | K5: In Review | L5: On Track | M5: 8 | N5: 45963.785 | O5: 45983.785
A6: F-005 | B6: Code Review | C6: DevCorp Mobile App | D6: Hardcoded credentials in source | E6: Critical | F6: Code | G6: Mike Brown | H6: 9 | I6: Credentials | J6: Resolved | K6: Resolved | L6: On Track | M6: 3 | N6: 45945.785 | O6: 45948.785
A7: F-006 | B7: Vulnerability Assessment | C7: TechCorp Infrastructure | D7: Default credentials on router | E7: Critical | F7: Configuration | G7: Jane Doe | H7: 9.2 | I7: Access Control | J7: Active | K7: Active | L7: Overdue | M7: 15 | N7: 45960.785 | O7: 45972.785
A8: F-007 | B8: Penetration Test | C8: ACME Corp Web App | D8: CSRF in account settings | E8: Medium | F8: Code | G8: John Smith | H8: 6.5 | I8: CSRF | J8: Active | K8: Active | L8: On Track | M8: 4 | N8: 45969.785 | O8: 45979.785
A9: F-008 | B9: Infrastructure Test | C9: TechCorp Network | D9: Open SMB shares | E9: High | F9: Configuration | G9: Jane Doe | H9: 7.8 | I9: Data Exposure | J9: Deferred | K9: Deferred | L9: On Track | M9: 40 | N9: 45955.785 | O9: 46015.785

Sheet ANALYTICS
A1: ADVANCED ANALYTICS & REPORTING
A3: SEVERITY DISTRIBUTION | E3: FINDING CATEGORIES | I3: BY PROJECT TYPE
A4: Critical | B4: =COUNTIF(DATA!$E:$E,"Critical") -> 3 | C4: =IF(SUM($B$4:$B$7)=0,0,B4/SUM($B$4:$B$7)) -> 0.375 | E4: Injection | F4: =COUNTIF(DATA!$I:$I,"Injection") -> 1 | G4: =IF(SUM($F$4:$F$11)=0,0,F4/SUM($F$4:$F$11)) -> 0.14285714 | I4: Penetration Test | J4: =COUNTIF(DATA!$B:$B,"Penetration Test") -> 4 | K4: =COUNTIFS(DATA!$B:$B,"Penetration Test",DATA!$J:$J,"Resolved") -> 0
A5: High | B5: =COUNTIF(DATA!$E:$E,"High") -> 3 | C5: =IF(SUM($B$4:$B$7)=0,0,B5/SUM($B$4:$B$7)) -> 0.375 | E5: XSS | F5: =COUNTIF(DATA!$I:$I,"XSS") -> 1 | G5: =IF(SUM($F$4:$F$11)=0,0,F5/SUM($F$4:$F$11)) -> 0.14285714 | I5: Vulnerability Assessment | J5: =COUNTIF(DATA!$B:$B,"Vulnerability Assessment") -> 2 | K5: =COUNTIFS(DATA!$B:$B,"Vulnerability Assessment",DATA!$J:$J,"Resolved") -> 0
A6: Medium | B6: =COUNTIF(DATA!$E:$E,"Medium") -> 2 | C6: =IF(SUM($B$4:$B$7)=0,0,B6/SUM($B$4:$B$7)) -> 0.25 | E6: Authentication | F6: =COUNTIF(DATA!$I:$I,"Authentication") -> 1 | G6: =IF(SUM($F$4:$F$11)=0,0,F6/SUM($F$4:$F$11)) -> 0.14285714 | I6: Code Review | J6: =COUNTIF(DATA!$B:$B,"Code Review") -> 1 | K6: =COUNTIFS(DATA!$B:$B,"Code Review",DATA!$J:$J,"Resolved") -> 1
A7: Low | B7: =COUNTIF(DATA!$E:$E,"Low") -> 0 | C7: =IF(SUM($B$4:$B$7)=0,0,B7/SUM($B$4:$B$7)) -> 0 | E7: Patch Management | F7: =COUNTIF(DATA!$I:$I,"Patch Management") -> 1 | G7: =IF(SUM($F$4:$F$11)=0,0,F7/SUM($F$4:$F$11)) -> 0.14285714 | I7: Infrastructure Test | J7: =COUNTIF(DATA!$B:$B,"Infrastructure Test") -> 1 | K7: =COUNTIFS(DATA!$B:$B,"Infrastructure Test",DATA!$J:$J,"Resolved") -> 0
E8: Data Exposure | F8: =COUNTIF(DATA!$I:$I,"Data Exposure") -> 1 | G8: =IF(SUM($F$4:$F$11)=0,0,F8/SUM($F$4:$F$11)) -> 0.14285714
E9: Configuration | F9: =COUNTIF(DATA!$I:$I,"Configuration") -> 0 | G9: =IF(SUM($F$4:$F$11)=0,0,F9/SUM($F$4:$F$11)) -> 0
E10: Credentials | F10: =COUNTIF(DATA!$I:$I,"Credentials") -> 1 | G10: =IF(SUM($F$4:$F$11)=0,0,F10/SUM($F$4:$F$11)) -> 0.14285714
E11: CSRF | F11: =COUNTIF(DATA!$I:$I,"CSRF") -> 1 | G11: =IF(SUM($F$4:$F$11)=0,0,F11/SUM($F$4:$F$11)) -> 0.14285714
A13: KEY METRICS & KPIs | E13: MONTHLY METRICS
A14: Total Findings | B14: =COUNTA(DATA!$A$2:$A$100) -> 8 | C14: 📈 | E14: Findings Found | F14: =COUNTIFS(DATA!$N:$N,">="&DATE(YEAR(TODAY()),MONTH(TODAY()),1)) -> 5
A15: Critical Count | B15: =COUNTIF(DATA!$E:$E,"Critical") -> 3 | C15: 📉 | E15: Resolved This Month | F15: =COUNTIFS(DATA!$J:$J,"Resolved",DATA!$O:$O,">="&DATE(YEAR(TODAY()),MONTH(TODAY()),1)) -> 0
A16: Average CVSS | B16: =AVERAGE(DATA!$H:$H) -> 7.9 | C16: 📈 | E16: Still Active | F16: =COUNTIFS(DATA!$J:$J,"Active") -> 5
A17: Resolved | B17: =COUNTIF(DATA!$J:$J,"Resolved") -> 1 | C17: 📉 | E17: Resolution % | F17: =IF(F14=0,0,F15/F14) -> 0
A18: Active | B18: =COUNTIF(DATA!$J:$J,"Active") -> 5 | C18: 📈
A19: Resolution Rate | B19: =IF(COUNTA(DATA!$A$2:$A$100)=0,0,COUNTIF(DATA!$J:$J,"Resolved")/COUNTA(DATA!$A$2:$A$100)) -> 0.125 | C19: 📉
A20: Avg Days to Fix | B20: =AVERAGE(DATA!$M:$M) -> 10.875 | C20: 📈
A21: SLA On Track % | B21: =IF(COUNTA(DATA!$L$2:$L$100)=0,0,COUNTIF(DATA!$L:$L,"On Track")/COUNTA(DATA!$L$2:$L$100)) -> 0.75 | C21: 📉
A25: CRITICAL & HIGH PRIORITY FINDINGS (Auto-Sorted)
A26: ID | B26: Project | C26: Description | D26: Severity | E26: Category | F26: Owner | G26: CVSS | H26: Status | I26: SLA | J26: Days Open | K26: Target | L26: Action
A27: =IFERROR(INDEX(DATA!$A:$A,SMALL(IF((DATA!$E$2:$E$100="Critical")+(DATA!$E$2:$E$100="High"),ROW(DATA!$E$2:$E$100)),1)),"-") -> 0 | B27: =IFERROR(INDEX(DATA!$B:$B,SMALL(IF((DATA!$E$2:$E$100="Critical")+(DATA!$E$2:$E$100="High"),ROW(DATA!$E$2:$E$100)),1)),"-") -> 0
A28: =IFERROR(INDEX(DATA!$A:$A,SMALL(IF((DATA!$E$2:$E$100="Critical")+(DATA!$E$2:$E$100="High"),ROW(DATA!$E$2:$E$100)),2)),"-") -> - | B28: =IFERROR(INDEX(DATA!$B:$B,SMALL(IF((DATA!$E$2:$E$100="Critical")+(DATA!$E$2:$E$100="High"),ROW(DATA!$E$2:$E$100)),2)),"-") -> -
A29: =IFERROR(INDEX(DATA!$A:$A,SMALL(IF((DATA!$E$2:$E$100="Critical")+(DATA!$E$2:$E$100="High"),ROW(DATA!$E$2:$E$100)),3)),"-") -> - | B29: =IFERROR(INDEX(DATA!$B:$B,SMALL(IF((DATA!$E$2:$E$100="Critical")+(DATA!$E$2:$E$100="High"),ROW(DATA!$E$2:$E$100)),3)),"-") -> -
A30: =IFERROR(INDEX(DATA!$A:$A,SMALL(IF((DATA!$E$2:$E$100="Critical")+(DATA!$E$2:$E$100="High"),ROW(DATA!$E$2:$E$100)),4)),"-") -> - | B30: =IFERROR(INDEX(DATA!$B:$B,SMALL(IF((DATA!$E$2:$E$100="Critical")+(DATA!$E$2:$E$100="High"),ROW(DATA!$E$2:$E$100)),4)),"-") -> -
A31: =IFERROR(INDEX(DATA!$A:$A,SMALL(IF((DATA!$E$2:$E$100="Critical")+(DATA!$E$2:$E$100="High"),ROW(DATA!$E$2:$E$100)),5)),"-") -> - | B31: =IFERROR(INDEX(DATA!$B:$B,SMALL(IF((DATA!$E$2:$E$100="Critical")+(DATA!$E$2:$E$100="High"),ROW(DATA!$E$2:$E$100)),5)),"-") -> -

Sheet PROJECT TRACKER
A1: PROJECT & ENGAGEMENT TRACKING
A3: Active Projects
A4: Project ID | B4: Project Name | C4: Type | D4: Client | E4: Team Lead | F4: Start Date | G4: End Date | H4: Status | I4: Critical | J4: High | K4: Medium | L4: Progress
A5: P-001 | B5: ACME Corp - Web Application PT | C5: Penetration Test | D5: ACME Corp | E5: John Smith | F5: 45970.785 | G5: 45984.785 | H5: Active | I5: 1 | J5: 3 | K5: 5 | L5: 0.65
A6: P-002 | B6: TechCorp - Infrastructure VA | C6: Vulnerability Assessment | D6: TechCorp | E6: Jane Doe | F6: 45973.785 | G6: 45987.785 | H6: Active | I6: 2 | J6: 2 | K6: 4 | L6: 0.35
A7: P-003 | B7: DevCorp - Code Review | C7: Code Review | D7: DevCorp | E7: Mike Brown | F7: 45965.785 | G7: 45977.785 | H7: In Progress | I7: 0 | J7: 2 | K7: 3 | L7: 0.85

Sheet SETTINGS
A1: SYSTEM SETTINGS & REFERENCE
A3: STATUS LEGEND
A4: Active | B4: Vulnerability identified & being fixed
A5: In Review | B5: Pending review/approval
A6: Resolved | B6: Fixed and verified
A7: Deferred | B7: Scheduled for later
A9: SEVERITY GUIDE
A10: Critical | B10: CVSS: 9.0-10.0 | C10: SLA: 24 hours
A11: High | B11: CVSS: 7.0-8.9 | C11: SLA: 3-5 days
A12: Medium | B12: CVSS: 4.0-6.9 | C12: SLA: 2-4 weeks
A13: Low | B13: CVSS: 0.1-3.9 | C13: SLA: 1-3 months

Sheet PENTEST CHECKLIST
A1: PENETRATION TESTING METHODOLOGY & CHECKLIST
A3: OWASP TOP 10 TESTING COVERAGE | F3: TESTING PHASES
A4: A1: Broken Access Control | B4: ☐ Test | C4: ☐ Found | D4: 0 | F4: Reconnaissance | G4: ✓
A5: A2: Cryptographic Failures | B5: ☐ Test | C5: ☐ Found | D5: 0 | F5: Scanning | G5: ✓
A6: A3: Injection | B6: ☐ Test | C6: ☐ Found | D6: 0 | F6: Enumeration | G6: ○
A7: A4: Insecure Design | B7: ☐ Test | C7: ☐ Found | D7: 0 | F7: Exploitation | G7: ○
A8: A5: Security Misconfiguration | B8: ☐ Test | C8: ☐ Found | D8: 0 | F8: Reporting | G8: ○
A9: A6: Vulnerable Components | B9: ☐ Test | C9: ☐ Found | D9: 0
A10: A7: Authentication Failures | B10: ☐ Test | C10: ☐ Found | D10: 0
A11: A8: Data Integrity Failures | B11: ☐ Test | C11: ☐ Found | D11: 0
A12: A9: Logging & Monitoring | B12: ☐ Test | C12: ☐ Found | D12: 0
A13: A10: SSRF | B13: ☐ Test | C13: ☐ Found | D13: 0

Sheet EXPORT & TEMPLATES
A1: REPORT GENERATION & EXPORT
A3: QUICK EXPORT FORMULAS
A4: Total Findings | B4: Copy to PowerPoint
A5: Critical Count | B5: For Executive Summary
A6: High Issues | B6: For Risk Assessment
A7: Avg CVSS | B7: Overall Risk Score
A8: Resolution Rate % | B8: Show Progress
A9: SLA Compliance % | B9: Compliance Metric

Sheet QUICK REFERENCE
A1: QUICK REFERENCE GUIDE
A3: DASHBOARD TAB GUIDE
A4: MASTER DASHBOARD | B4: Real-time KPIs, Status, SLA, Risk metrics - START HERE
A5: ANALYTICS | B5: Detailed analysis, trends, monthly metrics, top findings
A6: PROJECT TRACKER | B6: Active projects, engagement tracking, team assignments
A7: PENTEST CHECKLIST | B7: OWASP Top 10, testing phases, methodology
A8: EXPORT & TEMPLATES | B8: Report templates, quick reference data
A9: SETTINGS | B9: Legend, definitions, severity guide
A11: KEY FORMULAS
A12: Critical Count | B12: =COUNTIFS(severity="Critical", status="Active") -> #NAME?
A13: Resolution Rate | B13: =resolved / total * 100% -> #NAME?
A14: SLA Status | B14: Auto-calculates On Track/At Risk/Overdue
A15: Avg CVSS | B15: =AVERAGE(all cvss scores) -> #VALUE!
A16: Monthly Trends | B16: =count vulnerabilities found this month -> #VALUE!
